{
  "feedback": [
    {
      "id": "1",
      "title": "first post",
      "datetime": "10/10/2020, 10:00 AM",
      "body": "This is about first project"
    },
    {
      "id": "2",
      "title": "second post",
      "datetime": "15/10/2020, 11:00 AM",
      "body": "This is about second project"
    },
    {
      "id": "3",
      "title": "third post",
      "datetime": "20/10/2020, 08:00 PM",
      "body": "This is about third project"
    },
    {
      "id": "4",
      "title": "fourth post",
      "datetime": "10/10/2020, 12:30 PM",
      "body": "This is about fourth project"
    },
    {
      "id": "5",
      "title": "fifth post",
      "datetime": "Dec 11,2025 8:16:35 PM",
      "body": "This is about fifth project"
    },
    {
      "id": "6",
      "title": "sixth post",
      "datetime": "Dec 11,2025 9:30:54 PM",
      "body": "This is about sixth project"
    },
    {
      "id": "7",
      "title": "seventh post",
      "datetime": "Dec 12,2025 4:52:49 AM",
      "body": "This is about seventh project"
    },
    {
      "id": 8,
      "title": "eight post",
      "datetime": "Dec 12,2025 10:20:23 AM",
      "body": "This is about eight project"
    }
  ]
}